Conta;Classificação;Tipo;Nome da conta contábil;Saldo anterior;Débito;Crédito;Saldo atual
1;01;T;ATIVO;90.147.177,56;199.290.439,82;196.798.041,42;92.639.575,96
2;01.01;T;CIRCULANTE;88.845.361,98;199.256.903,07;196.780.420,81;91.321.844,24
3;01.01.001;T;DISPONIBILIDADES;19.228.469,08;98.264.364,54;95.939.426,74;21.553.406,88
4;01.01.001.001;T;CAIXA;18.390,48;0,00;0,00;18.390,48
5;01.01.001.001.001;C;Caixa;18.390,48;0,00;0,00;18.390,48
621;01.01.001.001.001.001;;Caixa;1.815,25;0,00;0,00;1.815,25
623;01.01.001.001.001.003;;Caixa - Dolar;4.317,83;0,00;0,00;4.317,83
622;01.01.001.001.001.002;;Caixa - Euro;12.257,40;0,00;0,00;12.257,40
6;01.01.001.002;T;BANCOS CONTA MOVIMENTO;408.245,49;58.700.822,41;59.106.554,47;2.513,43
9;01.01.001.002.003;C;Banco Bradesco S/A;1,00;31.304.052,19;31.304.052,19;1,00
1023;01.01.001.002.003.001;;Banco Bradesco S/A;1,00;31.295.979,99;31.295.979,99;1,00
1027;01.01.001.002.003.005;;Banco Bradesco S/A - IV;0,00;8.072,20;8.072,20;0,00
625;01.01.001.002.005;C;Banco Unicred S/A;408.232,31;22.853.359,14;23.259.155,86;2.435,59
626;01.01.001.002.005.001;;Banco Unicred S/A;408.232,31;22.853.359,14;23.259.155,86;2.435,59
631;01.01.001.002.008;C;Banco Itaú S/A;1,00;4.384.809,08;4.384.809,08;1,00
632;01.01.001.002.008.001;;Banco Itaú S/A;1,00;4.384.809,08;4.384.809,08;1,00
842;01.01.001.002.017;C;Banco Safra S/A;11,18;158.602,00;158.537,34;75,84
1102;01.01.001.002.017.001;;Banco Safra S/A;11,18;158.602,00;158.537,34;75,84
827;01.01.001.003;T;TRANSITÓRIA TRANSFERÊNCIA ENTRE CONTAS;0,00;25.274.092,28;25.274.092,28;0,00
828;01.01.001.003.001;;Transitória Transferência entre Contas;0,00;25.274.092,28;25.274.092,28;0,00
11;01.01.001.004;T;APLICAÇÕES DE LIQUIDEZ IMEDIATA - FAF;18.801.833,11;14.289.449,85;11.558.779,99;21.532.502,97
653;01.01.001.004.003;C;Aplicação Banco Bradesco S/A;1.399.148,51;14.205.040,18;8.201.842,51;7.402.346,18
1124;01.01.001.004.003.002;;Aplicação Banco Bradesco S/A - I;1.399.148,51;14.205.040,18;8.201.842,51;7.402.346,18
657;01.01.001.004.005;C;Aplicação Banco Unicred S/A;17.288.250,56;5.108,00;3.214.739,96;14.078.618,60
658;01.01.001.004.005.001;;Aplicação Banco Unicred S/A;17.288.250,56;5.108,00;3.214.739,96;14.078.618,60
663;01.01.001.004.008;C;Aplicação Banco Itaú S/A;111.833,70;0,00;61.595,52;50.238,18
664;01.01.001.004.008.001;;Aplicação Banco Itaú S/A;111.833,70;0,00;61.595,52;50.238,18
681;01.01.001.004.017;C;Aplicação Banco Safra S/A;2.600,34;79.301,67;80.602,00;1.300,01
682;01.01.001.004.017.001;;Aplicação Banco Safra S/A;2.600,34;79.301,67;80.602,00;1.300,01
782;01.01.002;T;APLICAÇÕES FINANCEIRAS;129.041,54;571.333,79;60,97;700.314,36
24;01.01.002.001;T;APLICAÇÕES FINANCEIRAS DE RENDA FIXA;129.041,54;571.333,79;60,97;700.314,36
685;01.01.002.001.003;C;Fundo/CDB Banco Bradesco S/A;129.041,54;571.333,79;60,97;700.314,36
686;01.01.002.001.003.001;;Fundo/CDB Banco Bradesco S/A;129.041,54;571.333,79;60,97;700.314,36
14;01.01.003;T;CLIENTES A RECEBER;27.229.375,13;25.229.488,60;23.060.308,13;29.398.555,60
15;01.01.003.001;T;CLIENTES NACIONAIS;27.229.375,13;25.229.488,60;23.060.308,13;29.398.555,60
16;01.01.003.001.000569999;;3b Mini Mercado E Padaria Ltda;14.192,18;14.192,18;28.384,36;0,00
16;01.01.003.001.000256023;;451 - Comercio De Generos Alimenticios Willner;12.181,85;0,00;12.181,85;0,00
16;01.01.003.001.000317671;;724 - Chapada Comercio De Alimentos Ltda;0,00;13.793,96;0,00;13.793,96
16;01.01.003.001.000060166;;A. C. D. A. Importacao E Exportacao Ltda;9.163,64;18.865,36;9.163,64;18.865,36
16;01.01.003.001.000566697;;Adeilton Da Silva Paiva 07876995438;4.711,12;11.834,76;4.711,12;11.834,76
16;01.01.003.001.000185617;;Aguiar Azevedo Empreendimentos Ltda;14.580,51;18.010,30;15.067,47;17.523,34
16;01.01.003.001.000803819;;Amara Supermercados Ltda;0,00;14.721,24;0,00;14.721,24
16;01.01.003.001.000254201;;Americanas S.a;530.709,26;401.672,26;567.161,73;365.219,79
16;01.01.003.001.000317158;;Arapongas Supermercado Eireli;23.653,63;198,69;23.852,32;0,00
16;01.01.003.001.000132306;;Armazem Do Grao Ltda;226.685,45;304.772,07;86.411,11;445.046,41
16;01.01.003.001.000563882;;Armazém Mateus S.a;3.158,36;0,00;0,00;3.158,36
16;01.01.003.001.000887639;;Astolpho Goncalves Supermercados Ltda;8.914,67;0,00;8.914,67;0,00
16;01.01.003.001.000251149;;Atacado De Alimentos Gc Ltda;22.991,14;23.809,64;22.991,14;23.809,64
16;01.01.003.001.000647196;;Ataq Distribuição E Logistica Ltda;35.854,85;0,00;35.854,85;0,00
16;01.01.003.001.001028277;;Atlantida Distribuidora De Produtos Alimentícios Ltda;0,00;48.938,26;0,00;48.938,26
16;01.01.003.001.000321447;;Atlas Rio Distribuidora Ltda;147.652,47;105.362,10;117.531,63;135.482,94
16;01.01.003.001.000004029;;Barcelos & Cia Ltda;141.309,74;1.489.380,24;38.154,87;1.592.535,11
16;01.01.003.001.000319879;;Beed Comunicacao Ltda;3.692,00;0,00;3.692,00;0,00
16;01.01.003.001.000128008;;Bem Que Tem Hortifruti Ltda;28.619,75;38.697,83;29.560,01;37.757,57
16;01.01.003.001.000004009;;Big Mais Supermercados Ltda;200.156,80;85.562,51;219.602,48;66.116,83
16;01.01.003.001.000637198;;Bistek Supermercados Ltda;1.328.451,52;1.575.524,08;1.334.632,41;1.569.343,19
16;01.01.003.001.000004184;;Bom Vizinho Distribuidora De Alimentos Ltda.;115.569,01;190.668,77;66.387,08;239.850,70
16;01.01.003.001.000424326;;Boniatti Speciale Comércio De Alimentos Ltda;13.792,25;0,00;13.792,25;0,00
16;01.01.003.001.000249694;;Brasao Supermercados S/a;428.020,11;313.920,53;421.770,04;320.170,60
16;01.01.003.001.000059945;;Casa Avenida Comercio E Importacao S.a.;7.866,58;578,54;0,00;8.445,12
16;01.01.003.001.000004064;;Casa Deliza Ltda.;666.894,76;427.486,20;873.546,65;220.834,31
16;01.01.003.001.000881207;;Casa Fidelis Ltda;15.941,47;16.441,42;15.941,47;16.441,42
16;01.01.003.001.000004054;;Casa Santa Luzia Importadora Ltda;510.788,05;521.515,19;617.368,32;414.934,92
16;01.01.003.001.000004035;;Center Vila Comercio De Alimentos Ltda;55.569,92;40.937,02;86.399,99;10.106,95
16;01.01.003.001.000490621;;Centerbox Lanchonete E Restaurante;29.715,56;0,00;29.715,56;0,00
16;01.01.003.001.000562934;;Central De Negócios E Alimentos Rede Top Ltda;0,00;14.192,18;0,00;14.192,18
16;01.01.003.001.000320353;;Cerealista Martendal Ltda;14.341,62;0,00;14.341,62;0,00
16;01.01.003.001.000004063;;Cesta Basica Olindense Ltda;144.344,13;189.654,22;105.767,23;228.231,12
16;01.01.003.001.000004066;;Comcarne Comercial De Carne Ltda.;924.769,64;221.520,46;633.740,38;512.549,72
16;01.01.003.001.001031849;;Comercial Carapa De Secos E Molhados Ltda;0,00;85.540,60;47.283,95;38.256,65
16;01.01.003.001.000004004;;Comercial Casa Dos Frios Ltda;78.443,57;52.195,70;63.509,48;67.129,79
16;01.01.003.001.000129698;;Comercial Celeiro Ltda;0,00;11.826,82;0,00;11.826,82
16;01.01.003.001.000058511;;Comercial Dahana Limitada;82.338,98;161.658,69;82.338,98;161.658,69
16;01.01.003.001.000150455;;Comercial De Alimentos De Angelina Ltda;0,00;37.845,81;0,00;37.845,81
16;01.01.003.001.000185619;;Comercial De Secos E Molhados Dal Pozzo Ltda;32.140,69;0,00;32.140,69;0,00
16;01.01.003.001.000004005;;Comercial Gama Ltda;118.596,53;96.337,47;46.408,58;168.525,42
16;01.01.003.001.000562297;;Comercial Zaffari Ltda;1.063.583,05;1.772.140,11;1.762.847,80;1.072.875,36
16;01.01.003.001.000135387;;Companhia Sulamericana De Distribuicao;137.934,59;352.244,47;85.801,70;404.377,36
16;01.01.003.001.000317161;;Condor Super Center Ltda;47.307,26;558.079,19;47.307,26;558.079,19
16;01.01.003.001.000119512;;Cooperativa De Producao E Abastecimento Do Vale Do Itajai;599.793,46;675.794,06;589.018,07;686.569,45
16;01.01.003.001.000647188;;Coosuper Distribuição E Logistica Sa;0,00;41.601,80;0,00;41.601,80
16;01.01.003.001.000428182;;Costa Multicanal Sa (pedro Ludovico);9.930,47;49.659,14;9.930,47;49.659,14
16;01.01.003.001.000132305;;Distribuidora Itabaiana Ltda;15.376,63;0,00;0,00;15.376,63
16;01.01.003.001.000003983;;Dona De Casa S/a;693.031,86;271.531,99;155.110,85;809.453,00
16;01.01.003.001.000121466;;Drift Comercio De Alimentos S/a.;56.969,95;0,00;56.969,95;0,00
16;01.01.003.001.000004080;;Dva Comercio Atacadista De Alimentos Ltda;175.849,52;379.717,96;199.843,00;355.724,48
16;01.01.003.001.000132351;;Ean Transportes De Cargas Ltda;4.938,60;0,00;0,00;4.938,60
16;01.01.003.001.000320356;;Efe Ele Comercio Ltda (superkilo);29.715,58;0,00;29.715,58;0,00
16;01.01.003.001.000004034;;Emporio & Wine Bar Corporate Ltda;21.028,08;11.719,85;21.028,08;11.719,85
16;01.01.003.001.001028276;;Emporio Café Raiz Ltda;0,00;10.337,62;0,00;10.337,62
16;01.01.003.001.000881210;;Emporio Colonna Ltda;6.687,84;0,00;6.687,84;0,00
16;01.01.003.001.000000197;;Emporio Milao Ltda;21.288,27;58.435,48;0,00;79.723,75
16;01.01.003.001.000129700;;Emporio Sao Jose Indaiatuba Ltda;192.699,01;86.269,73;86.402,02;192.566,72
16;01.01.003.001.000004071;;F 2 Importacao E Exportacao De Produtos Alimenticios Ltda;788.017,01;253.796,70;306.553,90;735.259,81
16;01.01.003.001.000425360;;Farid Varejo Ltda;761.718,27;307.076,94;716.778,88;352.016,33
16;01.01.003.001.000128006;;Fenner & Cia Ltda;0,00;34.084,89;34.084,89;0,00
16;01.01.003.001.000881206;;Filho De Minas Supermercados Ltda;45.763,56;294.350,52;45.928,65;294.185,43
16;01.01.003.001.000320355;;Frigo Frios Alimentos Ltda;8.988,38;0,00;8.988,38;0,00
16;01.01.003.001.000859045;;Futuro Nor E Nor Comercio De Alimentos Ltda;0,00;5.489,52;0,00;5.489,52
16;01.01.003.001.000144898;;Giassi & Cia Ltda;29.803,58;102.183,68;29.803,58;102.183,68
16;01.01.003.001.000004039;;Girus Mercantil Ltda;636.735,66;856.056,98;655.334,59;837.458,05
16;01.01.003.001.000576128;;Hiper Select Supermercados Ltda;338.895,15;252.538,43;339.110,63;252.322,95
16;01.01.003.001.000003988;;Hiperideal Empreendimentos Ltda;98.749,73;163.598,34;98.749,73;163.598,34
16;01.01.003.001.000003974;;Hippo Supermercados Ltda;2.124.892,85;600.762,05;863.734,21;1.861.920,69
16;01.01.003.001.000004024;;Hm Hm Supermercados Ltda;306.746,04;195.833,64;120.257,03;382.322,65
16;01.01.003.001.000004026;;Hm Supermercados Ltda;111.036,30;96.255,78;116.834,76;90.457,32
16;01.01.003.001.001031853;;Hortifruti Grandper Ltda;0,00;7.992,18;0,00;7.992,18
16;01.01.003.001.000128007;;Hortifruti Ribeiro Ltda;0,00;19.129,75;0,00;19.129,75
16;01.01.003.001.000803817;;Hsa Distribuição Ltda;57.241,78;0,00;0,00;57.241,78
16;01.01.003.001.000887640;;Imbativel Supermercados Ltda;8.207,60;0,00;8.207,60;0,00
16;01.01.003.001.000424325;;Irmãos Andreazza Ltda;29.088,11;0,00;29.088,11;0,00
16;01.01.003.001.000054075;;Irmaos Goncalves Comercio E Industria Ltda.;0,00;111.308,86;0,00;111.308,86
16;01.01.003.001.000252718;;Irmaos Muffato S.a;591.225,31;424.257,04;1.015.482,35;0,00
16;01.01.003.001.000887641;;Italo De Alcantara Barbosa;17.162,75;0,00;17.162,75;0,00
16;01.01.003.001.000129073;;Italo Supermercados Ltda;0,00;32.140,66;0,00;32.140,66
16;01.01.003.001.000001494;;Itapoa Supermercado Ltda.;247.282,44;258.161,59;341.858,67;163.585,36
16;01.01.003.001.000059089;;Jad Zogheib & Cia Ltda;0,00;216.331,97;0,00;216.331,97
16;01.01.003.001.000563474;;Jaqueline Garcia Da Silva Ltda;1.286,76;0,00;1.286,76;0,00
16;01.01.003.001.000004088;;Km 52 Imports Ltda;19.292,91;11.161,64;19.292,91;11.161,64
16;01.01.003.001.000121106;;Koch Hipermercado S/a;451.912,07;0,00;0,00;451.912,07
16;01.01.003.001.000193281;;Koltun & Colatusso Ltda;272.540,83;385.706,72;294.422,20;363.825,35
16;01.01.003.001.000004067;;Laticinios Marcelo Ltda;68.141,69;41.772,74;68.141,69;41.772,74
16;01.01.003.001.000320358;;Líder Comercio E Industria Ltda;70.960,89;48.696,23;0,00;119.657,12
16;01.01.003.001.000004072;;Lm Distribuidora De Bebidas & Cia. Ltda.;10.787,50;3.092,44;10.787,50;3.092,44
16;01.01.003.001.000135366;;Lwa Comercial Ltda;127.285,56;6.938,88;90.627,71;43.596,73
16;01.01.003.001.000249170;;M&g Distribuidora Ltda;108.714,76;219.361,48;108.714,76;219.361,48
16;01.01.003.001.000647191;;Maglioni Ribeiro & Cia Ltda;0,00;30.588,02;0,00;30.588,02
16;01.01.003.001.000567069;;Mariano Ivasko & Cia. Ltda.;16.061,64;913,78;16.975,42;0,00
16;01.01.003.001.000441498;;Martins E Martins Ltda;0,00;117.712,76;0,00;117.712,76
16;01.01.003.001.000647193;;Master Ats Supermercados Ltda;18.922,90;0,00;18.922,90;0,00
16;01.01.003.001.000487397;;Mata Norte Alimentos Ltda;24.845,64;9.843,32;22.556,61;12.132,35
16;01.01.003.001.000121833;;Mateus Supermercados S.a.;138.420,28;153.021,98;49.979,44;241.462,82
16;01.01.003.001.001028273;;Max Bebidas E Alimentos Ltda;0,00;12.235,20;12.235,20;0,00
16;01.01.003.001.000140378;;Mercantil Nova Era Ltda;656.654,59;228.875,23;363.614,47;521.915,35
16;01.01.003.001.000004025;;Mhm Supermercados Ltda.;56.528,95;64.294,91;57.437,97;63.385,89
16;01.01.003.001.000317167;;Mikami E Zenji Mercearia Ltda - (quitanda Maria 2);18.552,03;0,00;18.552,03;0,00
16;01.01.003.001.000803823;;Moacyr Sm Comercio Ltda;0,00;15.294,01;0,00;15.294,01
16;01.01.003.001.000004061;;Moustache Beams Ltda;250.931,77;535.839,74;289.750,35;497.021,16
16;01.01.003.001.000056733;;Mundialmix Comercio De Alimentos Ltda;0,00;23.653,62;23.653,62;0,00
16;01.01.003.001.000803828;;N F Supermercados Ltda;18.492,10;14.462,35;18.492,10;14.462,35
16;01.01.003.001.000428172;;Naturalis Hortifrutigrajeiros Ltda;0,00;3.924,82;0,00;3.924,82
16;01.01.003.001.000053997;;Novaera Sul Representacoes Ltda;0,00;42.576,54;0,00;42.576,54
16;01.01.003.001.000004011;;Octaviano Zandonai & Cia Ltda;756.862,23;618.492,65;773.572,97;601.781,91
16;01.01.003.001.000490620;;Oliveira Atacarejo Ltda Epp;0,00;12.678,00;0,00;12.678,00
16;01.01.003.001.000004002;;Onivino Comercio E Distribuicao De Vinhos Ltda;15.863,72;31.469,59;0,00;47.333,31
16;01.01.003.001.000004036;;Orbis Distribuicao De Alimentos Ltda.;618.846,31;630,33;111.847,73;507.628,91
16;01.01.003.001.000317168;;Organização De Cereais Monlevade Ltda;0,00;29.715,58;29.715,58;0,00
16;01.01.003.001.000251707;;Oriundi Supermercados Ltda;0,00;23.653,63;0,00;23.653,63
16;01.01.003.001.001028274;;Padaria E Confeitaria Bianchi Ltda;0,00;7.992,65;0,00;7.992,65
16;01.01.003.001.000004078;;Pappa Imports Ltda;31.849,43;46.053,18;31.849,43;46.053,18
16;01.01.003.001.000004177;;Plig Bar & Comercio Ltda.;10.210,21;1.764,89;10.210,21;1.764,89
16;01.01.003.001.001031850;;Qualidade Rio Claro Comercio Varejista De Alimentos Ltda;0,00;17.107,84;0,00;17.107,84
16;01.01.003.001.000192208;;Qualita Transportes Ltda;473,07;0,00;0,00;473,07
16;01.01.003.001.000193282;;Quartetto Supermercados Ltda;59.767,21;99.780,80;58.789,37;100.758,64
16;01.01.003.001.001028269;;Quitanda Comercio De Alimentos Ltda;0,00;7.608,90;0,00;7.608,90
16;01.01.003.001.000128009;;R2 Tudo De Conveniencia Ltda;301.471,66;116.038,25;83.608,82;333.901,09
16;01.01.003.001.000004003;;Rb Comercio E Atacado De Alimentos E Bebidas Ltda;450.705,96;127.105,13;232.740,38;345.070,71
16;01.01.003.001.000791103;;Rcj Comercio De Produtos Hortifrutigranjeiros Ltda;7.992,67;0,00;7.992,67;0,00
16;01.01.003.001.000003162;;Recrie Transportes E Logistica Ltda;0,00;3.420,86;3.420,86;0,00
16;01.01.003.001.000003989;;Rede De Distribuicao Zeferino Ltda;269.761,96;149.500,40;285.952,64;133.309,72
16;01.01.003.001.000492291;;Rede Super Ltda;0,00;16.557,54;0,00;16.557,54
16;01.01.003.001.000004010;;Rio Tama Distribuidora Ltda;199.768,62;197.790,82;225.370,89;172.188,55
16;01.01.003.001.000568926;;Rio Vermelho Distribuicao De Alimentos;221.523,38;37.129,18;66.648,92;192.003,64
16;01.01.003.001.000490619;;Rmix Comercio De Gêneros Alimentícios Ltda;879.346,91;1.266.277,97;973.788,68;1.171.836,20
16;01.01.003.001.000803833;;Sendas Distribuidora S.a;583,76;0,00;583,76;0,00
16;01.01.003.001.000428189;;Slonski E Cia Ltda;14.158,75;0,00;14.158,75;0,00
16;01.01.003.001.000803821;;Super Mercado Pilar Ltda;20.800,90;0,00;20.800,90;0,00
16;01.01.003.001.000004033;;Super Mercado Sao Roque Ltda.;815.489,88;721.957,12;816.593,51;720.853,49
16;01.01.003.001.000004224;;Super Mercado Zona Sul S A;191.241,45;384.253,78;191.241,45;384.253,78
16;01.01.003.001.000004068;;Superdeli Industria E Comercio De Alimentos Ltda;51.592,78;53.641,52;66.887,64;38.346,66
16;01.01.003.001.000569997;;Supermercado Barra Oeste Ltda;15.299,33;17.042,16;15.936,80;16.404,69
16;01.01.003.001.000132301;;Supermercado Brj Ltda;144.600,91;349.239,51;144.964,68;348.875,74
16;01.01.003.001.000320343;;Supermercado Bruda Ltda (expedicionários);0,00;40.684,25;0,00;40.684,25
16;01.01.003.001.000565599;;Supermercado Delta Max Ltda;92.760,15;0,00;92.760,15;0,00
16;01.01.003.001.000003984;;Supermercado E Restaurante Jva Ltda;58.456,10;117.723,36;58.525,28;117.654,18
16;01.01.003.001.000487597;;Supermercado Franco Ltda;0,00;13.254,96;0,00;13.254,96
16;01.01.003.001.000424328;;Supermercado Luzitana Industria E Comercio De Alimentos Ltda;247.895,04;194.974,60;140.181,41;302.688,23
16;01.01.003.001.000003985;;Supermercado Meschke Ltda;323.501,80;233.608,64;344.307,95;212.802,49
16;01.01.003.001.000426076;;Supermercado Nardelli Ltda;105.816,67;74.102,03;105.816,67;74.102,03
16;01.01.003.001.000803818;;Supermercado Santa Marta Ltda;0,00;24.153,71;0,00;24.153,71
16;01.01.003.001.000011435;;Supermercado Silveira Ltda;0,00;24.348,11;0,00;24.348,11
16;01.01.003.001.000058811;;Supermercado Superpao S/a;967.648,84;542.536,47;763.881,50;746.303,81
16;01.01.003.001.000248546;;Supermercado Vila Das Frutas Abraao De Morais - Lt;162.863,74;102.860,79;162.899,85;102.824,68
16;01.01.003.001.000004057;;Supermercados Archer Sa;352.156,41;415.918,32;352.347,65;415.727,08
16;01.01.003.001.000424323;;Supermercados Baleia Ltda;0,00;25.506,35;0,00;25.506,35
16;01.01.003.001.000004000;;Supermercados Beltrame Ltda.;651.344,57;395.105,91;653.358,16;393.092,32
16;01.01.003.001.000062085;;Supermercados Dalben Ltda;351.692,76;142.835,36;309.166,85;185.361,27
16;01.01.003.001.000004065;;Supermercados Jau Serve Ltda;199.294,99;299.627,74;199.294,99;299.627,74
16;01.01.003.001.000058898;;Supermercados Mambo Ltda.;786.293,23;1.003.258,92;450.740,67;1.338.811,48
16;01.01.003.001.000004014;;Supermercados Rex Ltda;41.374,71;13.631,43;29.317,45;25.688,69
16;01.01.003.001.000428171;;Superviza Atacadista;47.307,26;0,00;47.307,26;0,00
16;01.01.003.001.000428186;;Suzete Batista De Oliveira & Filhos Ltda. - (mercado Mouro);16.571,34;0,00;16.571,34;0,00
16;01.01.003.001.000003164;;Taff Brasil Transportes Ltda;614,52;0,00;0,00;614,52
16;01.01.003.001.000424329;;Tudocasa Importação E Comércio (ivasko);141.738,53;189.020,43;174.769,41;155.989,55
16;01.01.003.001.000487598;;Verdureira Central Ltda;0,00;8.074,72;0,00;8.074,72
16;01.01.003.001.000803830;;Vila Armazem Hortifruti Ltda;0,00;14.857,79;0,00;14.857,79
783;01.01.004;T;OUTROS CRÉDITOS;25.000,00;34.449.176,89;34.424.078,56;50.098,33
21;01.01.004.001;T;OUTROS VALORES A RECEBER;25.000,00;25.098,33;0,00;50.098,33
3287;01.01.004.001.004;;Compra com Entrega Futura;25.000,00;25.098,33;0,00;50.098,33
829;01.01.004.007;T;TRANSITÓRIA PAGAMENTOS DIVERSOS;0,00;34.424.078,56;34.424.078,56;0,00
830;01.01.004.007.001;;Transitória Pagamentos Diversos;0,00;34.424.078,56;34.424.078,56;0,00
784;01.01.005;T;ADIANTAMENTOS DIVERSOS;26.789.741,93;7.810.275,19;8.012.971,54;26.587.045,58
32;01.01.005.001;T;ADIANTAMENTOS A FUNCIONÁRIOS;0,00;90.367,41;36.740,10;53.627,31
38;01.01.005.001.004;;Adiantamentos de 13º Salário;0,00;49.021,91;0,00;49.021,91
39;01.01.005.001.005;;Adiantamentos de Férias;0,00;41.345,50;36.740,10;4.605,40
60;01.01.005.002;T;ADIANTAMENTOS A TERCEIROS;26.789.741,93;7.719.907,78;7.976.231,44;26.533.418,27
63;01.01.005.002.003;;Adiantamentos a Fornecedores Internacionais;26.706.108,64;7.567.558,33;7.920.903,35;26.352.763,62
37;01.01.005.002.002;;Adiantamentos a Fornecedores Nacionais;83.633,29;152.349,45;55.328,09;180.654,65
786;01.01.006;T;TRIBUTOS A COMPENSAR E RECUPERAR;3.837.785,29;3.452.801,03;3.522.029,30;3.768.557,02
40;01.01.006.001;T;TRIBUTOS E CONTRIBUIÇÕES A COMPENSAR;3.778.687,70;3.452.801,03;3.522.029,30;3.709.459,43
47;01.01.006.001.007;;COFINS a Recuperar;0,00;1.141.034,23;1.141.034,23;0,00
45;01.01.006.001.005;;CSLL Estimada a Recuperar;825.097,79;28.048,75;0,00;853.146,54
41;01.01.006.001.001;;ICMS a Recuperar;497.948,87;628.229,19;603.643,16;522.534,90
2654;01.01.006.001.015;;ICMS Crédito Presumido a Recuperar;0,00;670.476,70;670.476,70;0,00
2653;01.01.006.001.014;;ICMS DIFAL a Recuperar;0,00;704,68;704,68;0,00
619;01.01.006.001.012;;ICMS ST a Recuperar;17.055,30;208.363,96;208.363,96;17.055,30
42;01.01.006.001.002;;IPI a Recuperar;0,00;448.771,04;448.771,04;0,00
44;01.01.006.001.004;;IRPJ Estimado a Recuperar;2.286.546,44;15.929,94;0,00;2.302.476,38
2655;01.01.006.001.016;;IRRF S/ Aplicação Financeira;0,00;14.772,83;6.620,23;8.152,60
2706;01.01.006.001.019;;Outros Impostos a Recuperar;6.093,71;0,00;0,00;6.093,71
46;01.01.006.001.006;;PIS a Recuperar;0,00;248.227,46;248.227,46;0,00
2670;01.01.006.001.031;C;Saldo Negativo IRPJ;110.676,07;36.356,42;147.032,49;0,00
2674;01.01.006.001.031.003;;Saldo Negativo IRPJ 2021;110.676,07;36.356,42;147.032,49;0,00
2671;01.01.006.001.032;C;Saldo Negativo CSLL;35.269,52;11.885,83;47.155,35;0,00
2679;01.01.006.001.032.003;;Saldo Negativo CSLL 2021;35.269,52;11.885,83;47.155,35;0,00
2866;01.01.006.002;T;TRIBUTOS RECOLHIDO A MAIOR;59.097,59;0,00;0,00;59.097,59
2667;01.01.006.002.012;;ICMS ST Recolhido a Maior;51.402,19;0,00;0,00;51.402,19
2660;01.01.006.002.005;;IPI Recolhido a Maior;3.953,18;0,00;0,00;3.953,18
2662;01.01.006.002.007;;IRRF Recolhido a Maior;3.742,22;0,00;0,00;3.742,22
787;01.01.007;T;PROCESSO EM ANDAMENTO;333.375,39;14.711.637,88;14.427.663,92;617.349,35
788;01.01.007.001;T;PROCESSO EM ANDAMENTO;333.375,39;14.711.637,88;14.427.663,92;617.349,35
789;01.01.007.001.000650060;; Dom3977;15.019,66;0,00;15.019,66;0,00
789;01.01.007.001.000323471;;Dom2013;295,00;0,00;0,00;295,00
789;01.01.007.001.000569571;;Dom2078;186,50;0,00;0,00;186,50
789;01.01.007.001.000149722;;Dom2923.2;459,17;0,00;0,00;459,17
789;01.01.007.001.000255861;;Dom3286;70.179,07;0,00;0,00;70.179,07
789;01.01.007.001.000650104;;Dom3317;10,56;0,00;10,56;0,00
789;01.01.007.001.000149743;;Dom3359;1.515,32;0,00;0,00;1.515,32
789;01.01.007.001.000149741;;Dom3394;5.035,00;0,00;0,00;5.035,00
789;01.01.007.001.000135953;;Dom3429;0,00;251,25;251,25;0,00
789;01.01.007.001.000149729;;Dom3505;31.675,29;158.961,34;190.636,63;0,00
789;01.01.007.001.000573862;;Dom3541;1.716,50;0,00;0,00;1.716,50
789;01.01.007.001.000882396;;Dom3581;0,00;750,80;750,80;0,00
789;01.01.007.001.000149742;;Dom3632;240,00;0,00;0,00;240,00
789;01.01.007.001.000149734;;Dom3682;250,00;0,00;0,00;250,00
789;01.01.007.001.001028260;;Dom3747;0,00;594.385,94;594.385,94;0,00
789;01.01.007.001.000426484;;Dom3753;6.834,41;0,00;0,00;6.834,41
789;01.01.007.001.000149735;;Dom3780;250,00;0,00;0,00;250,00
789;01.01.007.001.000149720;;Dom3798;910,00;0,00;0,00;910,00
789;01.01.007.001.000255855;;Dom3864;0,00;251,25;251,25;0,00
789;01.01.007.001.000882368;;Dom3897;0,00;21.084,24;21.084,24;0,00
789;01.01.007.001.000882372;;Dom3898;0,00;21.084,24;21.084,24;0,00
789;01.01.007.001.000149723;;Dom3910;440,00;0,00;0,00;440,00
789;01.01.007.001.000149716;;Dom3913;455,00;0,00;0,00;455,00
789;01.01.007.001.000882380;;Dom3964;0,00;750,80;750,80;0,00
789;01.01.007.001.000861491;;Dom4014;10.658,39;0,00;10,00;10.648,39
789;01.01.007.001.000412659;;Dom4015;1.120,00;9.952,43;0,00;11.072,43
789;01.01.007.001.000805325;;Dom4017;5.684,81;0,00;0,00;5.684,81
789;01.01.007.001.000882362;;Dom4018;2.749,26;0,00;10,00;2.739,26
789;01.01.007.001.000805339;;Dom4039;0,00;5.760,00;5.760,00;0,00
789;01.01.007.001.000882508;;Dom4094;0,00;63.010,19;63.010,19;0,00
789;01.01.007.001.000882363;;Dom4114;13.822,43;0,00;450,61;13.371,82
789;01.01.007.001.000882509;;Dom4123;0,00;4.285,20;4.285,20;0,00
789;01.01.007.001.001031816;;Dom4128;0,00;228.510,52;228.510,52;0,00
789;01.01.007.001.000882360;;Dom4134;7.092,00;0,00;454,49;6.637,51
789;01.01.007.001.001033279;;Dom4135;0,00;45.753,58;0,00;45.753,58
789;01.01.007.001.000650090;;Dom4143;8.996,90;154,23;0,00;9.151,13
789;01.01.007.001.000650069;;Dom4148;14.366,96;254,49;454,15;14.167,30
789;01.01.007.001.000882361;;Dom4149;6.735,70;122.294,24;129.029,94;0,00
789;01.01.007.001.000882367;;Dom4150;5.058,28;0,00;10,00;5.048,28
789;01.01.007.001.000805329;;Dom4151;11.832,99;103.028,93;114.861,92;0,00
789;01.01.007.001.000805340;;Dom4152;0,00;240,00;240,00;0,00
789;01.01.007.001.000650079;;Dom4165;0,00;2.045,13;2.045,13;0,00
789;01.01.007.001.001028265;;Dom4167;0,00;89.577,82;89.577,82;0,00
789;01.01.007.001.000650070;;Dom4169;1.053,99;0,00;10,00;1.043,99
789;01.01.007.001.000805342;;Dom4186;4.796,46;114.081,14;118.877,60;0,00
789;01.01.007.001.000805317;;Dom4192;5.235,33;0,00;451,28;4.784,05
789;01.01.007.001.000882379;;Dom4197;0,00;1.275,80;1.275,80;0,00
789;01.01.007.001.001028247;;Dom4208;0,00;13.582,81;0,00;13.582,81
789;01.01.007.001.000882390;;Dom4209;0,00;23.892,42;474,96;23.417,46
789;01.01.007.001.001015466;;Dom4220;13.633,19;0,00;0,00;13.633,19
789;01.01.007.001.001015467;;Dom4221;23.766,45;471,51;471,51;23.766,45
789;01.01.007.001.001031814;;Dom4225;0,00;8.108,02;10,00;8.098,02
789;01.01.007.001.000882387;;Dom4232;0,00;846,80;846,80;0,00
789;01.01.007.001.001015266;;Dom4241;0,00;31.072,27;31.072,27;0,00
789;01.01.007.001.000888266;;Dom4249.2;0,00;2.796,57;2.796,57;0,00
789;01.01.007.001.000805341;;Dom4256;0,00;52,99;52,99;0,00
789;01.01.007.001.001028236;;Dom4269;0,00;3.959,10;59,38;3.899,72
789;01.01.007.001.001015260;;Dom4270;0,00;3.733,05;3.733,05;0,00
789;01.01.007.001.001028251;;Dom4276;0,00;12.585,25;473,98;12.111,27
789;01.01.007.001.000882378;;Dom4279;0,00;951,80;951,80;0,00
789;01.01.007.001.001015262;;Dom4283;0,00;48.653,26;48.653,26;0,00
789;01.01.007.001.000882498;;Dom4285;0,00;1.971,26;1.971,26;0,00
789;01.01.007.001.001028240;;Dom4288;0,00;153.002,17;153.002,17;0,00
789;01.01.007.001.001028241;;Dom4289;0,00;137.092,59;137.092,59;0,00
789;01.01.007.001.000882364;;Dom4301;2.079,58;0,00;10,00;2.069,58
789;01.01.007.001.001028234;;Dom4309;0,00;2.469,84;10,00;2.459,84
789;01.01.007.001.000882366;;Dom4311;5.694,12;0,00;10,00;5.684,12
789;01.01.007.001.000791155;;Dom4321;0,00;836,80;836,80;0,00
789;01.01.007.001.000882365;;Dom4322;0,00;1.682,80;1.682,80;0,00
789;01.01.007.001.001033278;;Dom4324;0,00;15.159,77;0,00;15.159,77
789;01.01.007.001.000882381;;Dom4327;0,00;953,80;953,80;0,00
789;01.01.007.001.001028259;;Dom4342;0,00;339.946,80;339.946,80;0,00
789;01.01.007.001.000882505;;Dom4348;0,00;3.131,03;3.131,03;0,00
789;01.01.007.001.001015261;;Dom4349;0,00;21.649,72;21.649,72;0,00
789;01.01.007.001.001028262;;Dom4350;0,00;272.911,00;272.911,00;0,00
789;01.01.007.001.001028244;;Dom4351.2;0,00;187.390,26;187.390,26;0,00
789;01.01.007.001.000805320;;Dom4353;0,00;659,00;659,00;0,00
789;01.01.007.001.000882359;;Dom4354;6.202,67;0,00;459,24;5.743,43
789;01.01.007.001.000805327;;Dom4356;0,00;3.016,70;3.016,70;0,00
789;01.01.007.001.000882399;;Dom4357;6.366,44;0,00;4.293,05;2.073,39
789;01.01.007.001.001028253;;Dom4358;0,00;7.119,04;473,98;6.645,06
789;01.01.007.001.001028233;;Dom4360;0,00;26.232,56;479,63;25.752,93
789;01.01.007.001.000882500;;Dom4368;22.750,00;0,00;0,00;22.750,00
789;01.01.007.001.000805321;;Dom4374;0,00;941,00;941,00;0,00
789;01.01.007.001.001028231;;Dom4376;0,00;13.885,82;479,63;13.406,19
789;01.01.007.001.000805318;;Dom4377;11.132,67;0,00;0,00;11.132,67
789;01.01.007.001.001033277;;Dom4378;0,00;158.184,33;158.184,33;0,00
789;01.01.007.001.000882370;;Dom4379;0,00;4.084,83;4.084,83;0,00
789;01.01.007.001.001028258;;Dom4380;0,00;141.962,74;141.962,74;0,00
789;01.01.007.001.001015269;;Dom4381;0,00;53.407,21;53.407,21;0,00
789;01.01.007.001.001028243;;Dom4386;0,00;117.730,84;117.730,84;0,00
789;01.01.007.001.000882504;;Dom4394;0,00;4.935,98;4.935,98;0,00
789;01.01.007.001.000882394;;Dom4399;7.075,29;0,00;451,02;6.624,27
789;01.01.007.001.001028250;;Dom4401;0,00;13.054,51;473,98;12.580,53
789;01.01.007.001.001028230;;Dom4403;0,00;13.895,52;479,63;13.415,89
789;01.01.007.001.000882495;;Dom4407;0,00;3.149,65;3.149,65;0,00
789;01.01.007.001.001028239;;Dom4409;0,00;199.298,58;199.298,58;0,00
789;01.01.007.001.000882373;;Dom4418;0,00;22.750,00;22.750,00;0,00
789;01.01.007.001.001028261;;Dom4419;0,00;597.882,71;597.882,71;0,00
789;01.01.007.001.001015265;;Dom4428;0,00;18.095,33;18.095,33;0,00
789;01.01.007.001.000882510;;Dom4455;0,00;1.939,21;1.939,21;0,00
789;01.01.007.001.001033276;;Dom4460;0,00;264.758,38;264.758,38;0,00
789;01.01.007.001.000882496;;Dom4461;0,00;10.700,80;10.700,80;0,00
789;01.01.007.001.000882388;;Dom4468;0,00;836,80;836,80;0,00
789;01.01.007.001.001028264;;Dom4474;0,00;91.948,44;91.948,44;0,00
789;01.01.007.001.001028238;;Dom4477;0,00;214.473,42;214.473,42;0,00
789;01.01.007.001.000882499;;Dom4483;0,00;39.354,71;39.354,71;0,00
789;01.01.007.001.001033259;;Dom4484;0,00;1.990,00;0,00;1.990,00
789;01.01.007.001.001033260;;Dom4485;0,00;1.990,00;0,00;1.990,00
789;01.01.007.001.001028237;;Dom4491;0,00;7.394,73;481,28;6.913,45
789;01.01.007.001.001028235;;Dom4492;0,00;13.774,89;479,63;13.295,26
789;01.01.007.001.000882358;;Dom4502;0,00;43.655,15;43.655,15;0,00
789;01.01.007.001.000888265;;Dom4502.2;0,00;43.386,80;43.386,80;0,00
789;01.01.007.001.000888264;;Dom4502.3;0,00;44.136,80;44.136,80;0,00
789;01.01.007.001.000888263;;Dom4502.4;0,00;41.886,80;41.886,80;0,00
789;01.01.007.001.000888262;;Dom4502.5;0,00;896,80;896,80;0,00
789;01.01.007.001.000882503;;Dom4504;0,00;2.974,72;2.974,72;0,00
789;01.01.007.001.001015267;;Dom4505;0,00;11.396,79;11.396,79;0,00
789;01.01.007.001.001028242;;Dom4507;0,00;124.723,61;124.723,61;0,00
789;01.01.007.001.001033275;;Dom4508;0,00;281.719,39;281.719,39;0,00
789;01.01.007.001.001028232;;Dom4519;0,00;13.265,16;479,63;12.785,53
789;01.01.007.001.000882371;;Dom4540;0,00;1.662,80;1.662,80;0,00
789;01.01.007.001.001028263;;Dom4541;0,00;215.796,16;215.796,16;0,00
789;01.01.007.001.001033274;;Dom4542;0,00;198.273,05;198.273,05;0,00
789;01.01.007.001.000882389;;Dom4544;0,00;836,80;836,80;0,00
789;01.01.007.001.000882377;;Dom4545;0,00;833,80;833,80;0,00
789;01.01.007.001.001015268;;Dom4546;0,00;19.636,83;19.636,83;0,00
789;01.01.007.001.001031818;;Dom4547;0,00;239.215,02;239.215,02;0,00
789;01.01.007.001.001033273;;Dom4548;0,00;221.388,17;221.388,17;0,00
789;01.01.007.001.001031817;;Dom4549;0,00;344.035,46;344.035,46;0,00
789;01.01.007.001.001028228;;Dom4555;0,00;173.101,81;173.101,81;0,00
789;01.01.007.001.001028245;;Dom4587;0,00;85.002,71;85.002,71;0,00
789;01.01.007.001.001028257;;Dom4594;0,00;343.509,00;343.509,00;0,00
789;01.01.007.001.001028252;;Dom4607;0,00;420.695,54;420.695,54;0,00
789;01.01.007.001.001015264;;Dom4611;0,00;6.733,78;6.733,78;0,00
789;01.01.007.001.001033272;;Dom4645;0,00;194.580,60;194.580,60;0,00
789;01.01.007.001.001031856;;Dom4646;0,00;49.028,25;49.028,25;0,00
789;01.01.007.001.001028248;;Dom4648;0,00;81.889,99;81.889,99;0,00
789;01.01.007.001.001028246;;Dom4657;0,00;68.173,07;68.173,07;0,00
789;01.01.007.001.001028249;;Dom4665;0,00;233.207,80;233.207,80;0,00
789;01.01.007.001.001033271;;Dom4672;0,00;180.867,45;180.867,45;0,00
789;01.01.007.001.000882497;;Dom4673;0,00;18.336,80;18.336,80;0,00
789;01.01.007.001.001028255;;Dom4685;0,00;87.201,44;87.201,44;0,00
789;01.01.007.001.001028229;;Dom4700;0,00;174.012,39;174.012,39;0,00
789;01.01.007.001.000805323;;Dom4716;0,00;1.000,00;1.000,00;0,00
789;01.01.007.001.001033270;;Dom4727;0,00;16.130,00;0,00;16.130,00
789;01.01.007.001.001033269;;Dom4743;0,00;19.500,00;0,00;19.500,00
789;01.01.007.001.001033268;;Dom4767;0,00;6.870,00;0,00;6.870,00
789;01.01.007.001.000882501;;Dom4807;0,00;28.884,24;28.884,24;0,00
789;01.01.007.001.001033267;;Dom4808;0,00;38.250,00;0,00;38.250,00
789;01.01.007.001.001033266;;Dom4809;0,00;36.750,00;0,00;36.750,00
789;01.01.007.001.001028227;;Dom4810;0,00;441.446,53;441.446,53;0,00
789;01.01.007.001.001033265;;Dom4812;0,00;241.837,44;241.837,44;0,00
789;01.01.007.001.001015263;;Dom4829;0,00;28.884,23;28.884,23;0,00
789;01.01.007.001.001028256;;Dom4830;0,00;1.267.900,43;1.267.900,43;0,00
789;01.01.007.001.001028254;;Dom4831;0,00;1.293.648,24;1.293.648,24;0,00
789;01.01.007.001.001031815;;Dom4970;0,00;1.268.154,21;1.268.154,21;0,00
789;01.01.007.001.001033264;;Dom4971;0,00;1.130.226,84;1.130.226,84;0,00
785;01.01.008;T;ESTOQUES;11.247.277,71;14.767.825,15;17.387.384,96;8.627.717,90
54;01.01.008.001;T;ESTOQUES DE MERCADORIAS;11.247.277,71;14.767.825,15;17.387.384,96;8.627.717,90
55;01.01.008.001.004;C;Estoque de Mercadoria Para Revenda;11.247.277,71;14.767.825,15;17.387.384,96;8.627.717,90
3281;01.01.008.001.004.001;;Estoque de Mercadoria Para Revenda;11.247.277,71;14.767.825,15;17.387.384,96;8.627.717,90
68;01.01.009;T;DESPESAS DO EXERCÍCIO SEGUINTE PAGAS ANTECIPADAMENTE;25.295,91;0,00;6.496,69;18.799,22
69;01.01.009.001;T;DESPESAS DO EXERCÍCIO SEGUINTE PAGAS ANTECIPADAMENTE;25.295,91;0,00;6.496,69;18.799,22
71;01.01.009.001.002;;Outros Custos e Despesas Pagas Antecipadamente;7.635,26;0,00;3.161,23;4.474,03
70;01.01.009.001.001;;Prêmios de Seguros a Apropriar;17.660,65;0,00;3.335,46;14.325,19
78;01.02;T;NÃO CIRCULANTE;1.301.815,58;33.536,75;17.620,61;1.317.731,72
79;01.02.001;T;ATIVO REALIZÁVEL A LONGO PRAZO;110.585,77;0,00;0,00;110.585,77
91;01.02.001.002;T;COTAS DE CAPITAL;110.585,77;0,00;0,00;110.585,77
847;01.02.001.002.005;C;Cotas de Capital Unicred S/A;110.585,77;0,00;0,00;110.585,77
1408;01.02.001.002.005.001;;Cotas de Capital Unicred S/A;110.585,77;0,00;0,00;110.585,77
96;01.02.003;T;IMOBILIZADO;1.191.229,81;33.536,75;17.620,61;1.207.145,95
97;01.02.003.001;T;BENS E DIREITOS EM USO;1.704.178,76;33.536,75;704,68;1.737.010,83
104;01.02.003.001.007;;Aparelhos Telefônicos;47.208,00;0,00;0,00;47.208,00
107;01.02.003.001.010;;Benfeitorias em imóveis de terceiros;164.429,36;15.113,60;0,00;179.542,96
103;01.02.003.001.006;;Computadores e periféricos;557.644,60;0,00;0,00;557.644,60
106;01.02.003.001.009;;Instalações Diversas;39.099,00;0,00;0,00;39.099,00
98;01.02.003.001.001;;Máquinas e Equipamentos;463.953,52;12.273,50;704,68;475.522,34
99;01.02.003.001.002;;Móveis e Utensílios;431.844,28;6.149,65;0,00;437.993,93
115;01.02.003.005;T;(-) DEPRECIAÇÃO ACUMULADA;-512.948,95;0,00;16.915,93;-529.864,88
2697;01.02.003.005.011;;(-) Aparelhos Telefônicos;-16.802,56;0,00;393,41;-17.195,97
2696;01.02.003.005.010;;(-) Benfeitorias em Imóveis de Terceiros;-25.004,70;0,00;548,09;-25.552,79
121;01.02.003.005.006;;(-) Computadores Periféricos;-213.458,41;0,00;8.094,44;-221.552,85
2698;01.02.003.005.012;;(-) Instalações Diversas;-11.076,61;0,00;325,82;-11.402,43
116;01.02.003.005.001;;(-) Máquinas e equipamentos;-96.879,38;0,00;3.955,47;-100.834,85
117;01.02.003.005.002;;(-) Móveis e Utensílios;-149.727,29;0,00;3.598,70;-153.325,99
144;02;T;PASSIVO;77.328.319,15;40.941.781,92;42.624.604,61;79.011.141,84
145;02.01;T;CIRCULANTE;54.766.661,58;40.941.781,92;42.078.909,05;55.903.788,71
158;02.01.001;T;OBRIGAÇÕES TRABALHISTAS;527.383,65;412.637,41;367.854,36;482.600,60
159;02.01.001.001;T;FOLHA DE PAGAMENTO DE EMPREGADOS;97.261,95;217.644,65;203.187,33;82.804,63
163;02.01.001.001.004;;13º salário a pagar;0,00;49.021,91;49.021,91;0,00
161;02.01.001.001.002;;Férias a pagar;0,00;41.345,50;41.345,50;0,00
162;02.01.001.001.003;;Rescisões a pagar;0,00;0,00;13.625,83;13.625,83
160;02.01.001.001.001;;Salários a pagar;97.261,95;127.277,24;99.194,09;69.178,80
166;02.01.001.002;T;FOLHA DE PAGAMENTO DE AUTÔNOMOS;0,00;5.412,75;5.412,75;0,00
167;02.01.001.002.001;;Rendimentos Autônomos a Pagar;0,00;5.412,75;5.412,75;0,00
168;02.01.001.003;T;FOLHA DE PAGAMENTO DE DIRIGENTES;30.015,29;30.015,29;30.015,29;30.015,29
169;02.01.001.003.001;;Pro-labore a pagar;30.015,29;30.015,29;30.015,29;30.015,29
170;02.01.001.004;T;ENCARGOS SOCIAIS A RECOLHER;63.242,56;81.482,78;98.562,94;80.322,72
172;02.01.001.004.003;;FGTS a Recolher;9.225,33;9.225,33;14.184,13;14.184,13
174;02.01.001.004.005;;GRRF a Recolher;0,00;0,00;3.108,74;3.108,74
171;02.01.001.004.001;;INSS a Recolher;54.017,23;72.257,45;81.270,07;63.029,85
175;02.01.001.005;T;PROVISÕES DA FOLHA DE PAGAMENTO;336.863,85;78.081,94;30.676,05;289.457,96
176;02.01.001.005.001;;Provisão de 13º salário;81.056,99;2.659,83;9.943,18;88.340,34
177;02.01.001.005.002;;Provisão de férias;168.842,64;52.355,28;12.813,02;129.300,38
178;02.01.001.005.003;;Provisão FGTS 13º Salário;6.484,56;4.134,51;795,42;3.145,47
179;02.01.001.005.004;;Provisão FGTS Férias;13.507,26;4.188,41;1.025,08;10.343,93
180;02.01.001.005.005;;Provisão INSS 13º Salário;21.723,24;712,78;2.665,29;23.675,75
181;02.01.001.005.006;;Provisão INSS Férias;45.249,16;14.031,13;3.434,06;34.652,09
146;02.01.002;T;FORNECEDORES;4.851.021,49;9.999.988,87;13.434.906,09;8.285.938,71
147;02.01.002.001;T;FORNECEDORES NACIONAIS;852.121,47;1.996.140,22;2.133.020,89;989.002,14
148;02.01.002.001.001016375;;30.389.372 Jonas Dos Santos Ortiz Filho;2.000,00;2.000,00;0,00;0,00
148;02.01.002.001.000424920;;45.328.092 Amanda Borges Vitor;0,00;600,00;600,00;0,00
148;02.01.002.001.001028289;;55.217.271 Patricia Costa De Lima;0,00;12.000,00;12.000,00;0,00
148;02.01.002.001.000566697;;Adeilton Da Silva Paiva 07876995438;4.711,12;14.240,92;9.529,80;0,00
148;02.01.002.001.000566085;;Alberto Luiz Rosa;500,00;500,00;0,00;0,00
148;02.01.002.001.000129789;;Alix Tecnologia Corporativa Ltda;0,00;1.199,45;1.199,45;0,00
148;02.01.002.001.000003161;;Ambiental Transportes Rodoviarios Ltda;409.730,08;171.099,47;538.097,30;776.727,91
148;02.01.002.001.000876937;;Ap Promocoes E Eventos Ltda.;1.092,36;1.487,84;395,48;0,00
148;02.01.002.001.000129770;;Asap Departamentos Ltda;0,00;32.888,44;32.888,44;0,00
148;02.01.002.001.000319879;;Beed Comunicacao Ltda;0,00;3.692,00;3.692,00;0,00
148;02.01.002.001.000566090;;Berden Ltda;5.072,20;32.284,40;27.212,20;0,00
148;02.01.002.001.000413345;;Bicci E Grechi Ltda;0,00;612,00;612,00;0,00
148;02.01.002.001.001028288;;Bruno Cesar Martins Costa Junior 02079446010;0,00;14.039,80;14.039,80;0,00
148;02.01.002.001.000004132;;C A Pratomil Restaurantes Empresariais Ltda;0,00;5.984,00;5.984,00;0,00
148;02.01.002.001.001029599;;Candido Antonio Martins Junior 07913863927;0,00;5.600,00;5.600,00;0,00
148;02.01.002.001.000004054;;Casa Santa Luzia Importadora Ltda;0,00;48,66;48,66;0,00
148;02.01.002.001.000001538;;Casas Da Agua Materiais Para Construcao Ltda;0,00;3.017,07;3.017,07;0,00
148;02.01.002.001.000249725;;Centro Logistico Integrado Fastcargo Ltda;0,00;21.760,99;21.760,99;0,00
148;02.01.002.001.000132136;;Charlene Da Silva Teixeira 00793834082;0,00;700,00;700,00;0,00
148;02.01.002.001.000491866;;Clinica Medica Prevencao Sociedade Empresaria Ltda;0,00;80,00;80,00;0,00
148;02.01.002.001.000129775;;Combact Controle De Pragas Ltda;0,00;499,00;499,00;0,00
148;02.01.002.001.000887637;;Conceito Industria De Esquadrias Ltda;0,00;0,00;25.098,33;25.098,33
148;02.01.002.001.000125013;;Conexao Maritima - Servicos Logisticos S.a.;0,00;443,71;443,71;0,00
148;02.01.002.001.000132233;;Conexos S/a;7.890,59;41.306,77;33.416,18;0,00
148;02.01.002.001.000129777;;Costa Goncalves Estacionamento E Producao De Eventos Ltda;0,00;2.920,00;2.920,00;0,00
148;02.01.002.001.001028266;;Couraco Comercial Ltda;0,00;75,53;75,53;0,00
148;02.01.002.001.001032506;;Dalto - Papelaria E Livraria Ltda;0,00;55,24;55,24;0,00
148;02.01.002.001.000870397;;Db1 Global Software Ltda.;0,00;211.768,55;211.768,55;0,00
148;02.01.002.001.000430338;;Diwal Servicos Comerciais Ltda;218,77;218,77;0,00;0,00
148;02.01.002.001.000185790;;Docsaas Tecnologia Ltda;0,00;3.153,26;3.153,26;0,00
148;02.01.002.001.000887638;;Doma Casa Ltda;5.000,00;0,00;0,00;5.000,00
148;02.01.002.001.000129791;;Dp Servicos Administrativos Ltda;2.120,00;6.500,00;4.380,00;0,00
148;02.01.002.001.000884451;;Drink It Ltda Me;0,00;845,00;845,00;0,00
148;02.01.002.001.000003978;;Econet Editora Empresarial Ltda;0,00;264,97;264,97;0,00
148;02.01.002.001.001028267;;Eletron Service Comercio E Servico Ltda;0,00;47,50;47,50;0,00
148;02.01.002.001.000002596;;Elo Solucoes Logisticas Integradas Ltda;0,00;2.216,85;2.216,85;0,00
148;02.01.002.001.000004168;;Embalasul Embalagens Ltda;39.510,00;0,00;0,00;39.510,00
148;02.01.002.001.000253195;;Endrigo Leal Flores;0,00;920,00;920,00;0,00
148;02.01.002.001.000002726;;Energiluz Comercio De Materiais Eletricos Ltda;0,00;2.204,55;2.204,55;0,00
148;02.01.002.001.000129788;;Es Brasil Logistica Ltda;0,00;10.546,96;10.546,96;0,00
148;02.01.002.001.000129794;;Farhat Servicos, Locacoes, Intermediacao E Comercio Ltda;0,00;180.000,00;180.000,00;0,00
148;02.01.002.001.000487565;;Flexform Industria E Comercio De Moveis Ltda;0,00;6.149,65;6.149,65;0,00
148;02.01.002.001.000003992;;Flexoarte Etiquetas E Rotulos Ltda;0,00;175,00;175,00;0,00
148;02.01.002.001.000129796;;Fogaca Advogados Associados;0,00;8.000,00;8.000,00;0,00
148;02.01.002.001.000132824;;Fort Moveis Ltda;0,00;46.575,66;46.575,66;0,00
148;02.01.002.001.000147688;;Forte Distribuicao E Logistica Do Brasil Ltda;9.187,43;17.158,99;7.971,56;0,00
148;02.01.002.001.000803808;;Fortline Industria E Comercio De Moveis Ltda;0,00;2.941,22;2.941,22;0,00
148;02.01.002.001.000058466;;Frigelar Comercio E Industria Ltda;0,00;11.568,82;11.568,82;0,00
148;02.01.002.001.000129712;;Gett Solucoes Em Sistemas Para Comercio Exterior Ltda.;1.000,05;2.548,18;1.548,13;0,00
148;02.01.002.001.000802479;;Gold Plus Merchandising Ltda;0,00;1.474,75;1.474,75;0,00
148;02.01.002.001.000144858;;Haltaya Ltda - Epp;0,00;0,00;2.026,04;2.026,04
148;02.01.002.001.000884825;;Hbs - Hotelaria Ltda;0,00;701,61;701,61;0,00
148;02.01.002.001.000566688;;Helhas Ltda;0,00;22.200,00;22.200,00;0,00
148;02.01.002.001.000003974;;Hippo Supermercados Ltda;1.748,37;5.063,65;5.825,32;2.510,04
148;02.01.002.001.000002589;;Hoffmann Suprimentos Corporativos Ltda;2.307,23;2.307,23;437,85;437,85
148;02.01.002.001.000129771;;Instituto Nimbus De Tecnologia Social;0,00;450,00;450,00;0,00
148;02.01.002.001.000129782;;Intercorp Provedor De Internet Ltda;0,00;900,00;900,00;0,00
148;02.01.002.001.000566815;;Jonas Paulo De Souza E Cia Ltda;0,00;12.530,00;12.530,00;0,00
148;02.01.002.001.000191087;;Jose Luiz Ribeiro Transportes - Eireli;0,00;95,14;95,14;0,00
148;02.01.002.001.000802480;;Jp Manutencao E Gestao De Obras Ltda;9.858,80;9.858,80;0,00;0,00
148;02.01.002.001.001031820;;L. V. Negrao Ltda;0,00;17.000,00;17.000,00;0,00
148;02.01.002.001.001031819;;Laclaw Technology Consultoria Empresarial Ltda.;0,00;29.762,44;29.762,44;0,00
148;02.01.002.001.001029600;;Leandro Rosa 05342025940;0,00;11.000,00;11.000,00;0,00
148;02.01.002.001.000148037;;Lenon Moreira Da Silva 40611399830;0,00;45,99;45,99;0,00
148;02.01.002.001.000129776;;Linea Servicos Logisticos Ltda;0,00;1.010,20;1.010,20;0,00
148;02.01.002.001.000881205;;Lm Comercio Varejista De Produtos Saneantes Domiss;2.936,49;5.153,90;2.217,41;0,00
148;02.01.002.001.000129769;;Logcomex Ltda.;0,00;1.878,28;1.878,28;0,00
148;02.01.002.001.000003061;;Lr Logistics Solutions Sociedade Unipessoal Limitada;0,00;36.103,87;36.103,87;0,00
148;02.01.002.001.000566086;;M.molt Ltda;9.764,70;41.669,40;31.904,70;0,00
148;02.01.002.001.001028286;;Mada Araujo Asset Management Ltda;0,00;12.584,90;12.584,90;0,00
148;02.01.002.001.000004018;;Made Embalagens Ltda;17.130,00;17.130,00;0,00;0,00
148;02.01.002.001.001028290;;Maersk Logistics E Services Brasil Ltda.;0,00;502,50;502,50;0,00
148;02.01.002.001.001034872;;Magazine Luiza S/a;0,00;717,55;717,55;0,00
148;02.01.002.001.000647199;;Marcio C. Becker;16.758,00;2.394,00;0,00;14.364,00
148;02.01.002.001.000802481;;Mas E Mares Merchandising Ltda;0,00;2.187,50;2.187,50;0,00
148;02.01.002.001.000004042;;Mec Coffee Service Ltda;0,00;900,00;1.754,40;854,40
148;02.01.002.001.000646746;;Merchandising Clear Ltda;0,00;2.200,00;2.200,00;0,00
148;02.01.002.001.000129780;;Mgk Assessoria Sociedade Simples Limitada;0,00;523,00;523,00;0,00
148;02.01.002.001.000249300;;Movecta S.a.;0,00;7.705,12;7.705,12;0,00
148;02.01.002.001.000869772;;Multilog Brasil S.a.;7.601,59;16.694,82;9.093,23;0,00
148;02.01.002.001.000129785;;Multilog S/a;2.743,84;15.379,32;12.635,48;0,00
148;02.01.002.001.001031847;;Nanini Embalagens Ltda.;0,00;123,84;123,84;0,00
148;02.01.002.001.001018984;;Nee Ferreira Comercio E Servicos De Purificadores Ltda;0,00;299,00;299,00;0,00
148;02.01.002.001.000119487;;Nexxera Mercantil Servicos Sa;0,00;279,60;279,60;0,00
148;02.01.002.001.000803832;;Novo Brasil Entretenimento Ltda;0,00;103.023,00;103.023,00;0,00
148;02.01.002.001.001031848;;Olive Box De Alimentos Ltda;0,00;762,50;762,50;0,00
148;02.01.002.001.000129790;;Orcali Servicos De Limpeza Ltda;2.821,69;5.643,38;2.821,69;0,00
148;02.01.002.001.000131838;;Orsesp Organizacao De Servicos Especializados Ltda;3.243,23;3.243,23;0,00;0,00
148;02.01.002.001.000129779;;P M Despachos Aduaneiros E Representacoes Ltda;16.986,85;19.145,40;8.540,35;6.381,80
148;02.01.002.001.000003467;;Pauta Distribuicao E Logistica S.a.;0,00;274,00;274,00;0,00
148;02.01.002.001.000798672;;Pietra Madureira Tonin;0,00;1.200,00;1.200,00;0,00
148;02.01.002.001.001032507;;Plasmarc Industria E Comercio De Plasticos Injetados Ltda;0,00;113,99;113,99;0,00
148;02.01.002.001.000004246;;Poly Terminais Portuarios Sa;67.556,80;303.581,96;236.025,16;0,00
148;02.01.002.001.000000158;;PRONTA SERVICOS CONTABEIS S/S;0,00;14.731,10;14.731,10;0,00
148;02.01.002.001.000129773;;Quadra E Weber Ltda;0,00;619,08;619,08;0,00
148;02.01.002.001.000192208;;Qualita Transportes Ltda;3.634,68;3.634,68;8.337,20;8.337,20
148;02.01.002.001.000129772;;Quality Logistica Multimodal E Comercio Exterior Ltda;14.850,00;37.800,00;22.950,00;0,00
148;02.01.002.001.000003162;;Recrie Transportes E Logistica Ltda;42.959,88;43.267,23;52.280,28;51.972,93
148;02.01.002.001.000318536;;Relampago Logistica Eireli;1.255,00;1.255,00;0,00;0,00
148;02.01.002.001.000566087;;Rica Ltda;19.149,70;60.439,40;41.289,70;0,00
148;02.01.002.001.000319878;;Rober Paulo Basegio;0,00;32.099,71;32.099,71;0,00
148;02.01.002.001.000256383;;Schenker Do Brasil Transportes Internacionais Ltda;4.293,05;4.293,05;0,00;0,00
148;02.01.002.001.000059365;;Serasa S.a.;0,00;238,37;238,37;0,00
148;02.01.002.001.000321370;;Smmota Consultoria Em Tecnologia Da Informacao Ltda;18.033,00;36.066,00;18.033,00;0,00
148;02.01.002.001.000460669;;Sociedade De Ensino Superior Estacio De Sa Ltda;0,00;632,46;632,46;0,00
148;02.01.002.001.000564721;;Sociedade Tecnica Educacional Da Lapa S/a;0,00;192,78;192,78;0,00
148;02.01.002.001.000061392;;Solides Tecnologia S/a;0,00;328,98;328,98;0,00
148;02.01.002.001.000003164;;Taff Brasil Transportes Ltda;26.170,50;32.435,48;26.861,46;20.596,48
148;02.01.002.001.000857699;;Tapecaria E Vidracaria Temperados Capital Ltda Me;9.350,00;18.700,00;9.350,00;0,00
148;02.01.002.001.000013215;;Telefonica Brasil S.a.;75,00;2.304,92;2.229,92;0,00
148;02.01.002.001.000862131;;The Wine Pub Franqueadora E Comercio Atacadista Ltda;1.000,00;1.000,00;0,00;0,00
148;02.01.002.001.000049734;;Thiago Dos Santos Prodoxio;0,00;118,00;118,00;0,00
148;02.01.002.001.000000502;;Transwinter Transporte E Logistica Ltda.;0,00;0,00;1.563,95;1.563,95
148;02.01.002.001.000004087;;Unigraf Comunicacao Visual Ltda;38.588,02;60.069,48;50.153,12;28.671,66
148;02.01.002.001.000003993;;Unigraf Editora E Grafica Ltda;11.932,45;14.105,88;7.122,98;4.949,55
148;02.01.002.001.000130356;;V N Fernandes Solucoes De Ecommerce Ltda;0,00;75,53;75,53;0,00
148;02.01.002.001.001028287;;Vanessa Goes Consultoria Ltda;0,00;9.600,00;9.600,00;0,00
148;02.01.002.001.000250706;;Vera Lucia Soldera Dias;0,00;7.000,00;7.000,00;0,00
148;02.01.002.001.000129778;;Winelab Laboratorio De Analises Ltda;11.340,00;16.380,00;5.040,00;0,00
768;02.01.002.003;T;FORNECEDORES INTERNACIONAIS;3.998.900,02;8.003.848,65;11.301.885,20;7.296.936,57
769;02.01.002.003.000024249;;Agricola Casas Del Bosque Ltda;203.999,40;0,00;0,00;203.999,40
769;02.01.002.003.000004196;;Angel Camacho Alimentación;0,00;81.662,09;81.662,09;0,00
769;02.01.002.003.001028278;;Bodegas Salentein S.a.;0,00;0,00;142.049,79;142.049,79
769;02.01.002.003.000004045;;Caffè Carraro Spa;0,00;367.563,51;367.563,51;0,00
769;02.01.002.003.000004657;;Cantine Bonacchi Spa;0,00;80.876,95;80.876,95;0,00
769;02.01.002.003.000004200;;Carl Kühne Kg (gmbh & Co.) Kuhnehofe 11 22761 Hamburg;0,00;101.908,81;101.908,81;0,00
769;02.01.002.003.000490618;;Casa Milo;0,00;156.072,14;156.072,14;0,00
769;02.01.002.003.000004164;;Casas Del Bosque;0,00;0,00;172.801,88;172.801,88
769;02.01.002.003.000647198;;Cbmf Latam S.l.;121.109,41;121.109,41;0,00;0,00
769;02.01.002.003.000255473;;Cdc Wines Spa;0,00;0,00;170.693,54;170.693,54
769;02.01.002.003.000004169;;Cepas Argentinas Sa;109.969,01;0,00;0,00;109.969,01
769;02.01.002.003.001028282;;Champagne Bernard Remy;0,00;83.022,01;83.022,01;0,00
769;02.01.002.003.000004043;;Chocolates Rapanui;0,00;2.186.250,89;4.376.405,83;2.190.154,94
769;02.01.002.003.000803814;;Comercializadora Y Distribuidora De Productos Santiago Food;0,00;576.588,20;576.588,20;0,00
769;02.01.002.003.000011534;;Coppola Foods Limited;0,00;135.328,92;135.328,92;0,00
769;02.01.002.003.000253098;;Domaco - Dr. Med. Aufdermaur Ag;0,00;68.757,57;68.757,57;0,00
769;02.01.002.003.000004142;;Don Cristobal;0,00;0,00;61.741,01;61.741,01
769;02.01.002.003.000256930;;Establecimiento Humberto Canale S.a;78.021,81;0,00;0,00;78.021,81
769;02.01.002.003.000003987;;Fujian Kingbrand Trading Co., Ltd.;0,00;148.690,49;148.690,49;0,00
769;02.01.002.003.000184215;;Galowin Sociedad Anonima;1.090.136,11;1.090.136,11;0,00;0,00
769;02.01.002.003.000004141;;Grupo Penaflor S.a.;336.788,26;0,00;0,00;336.788,26
769;02.01.002.003.000803811;;Grupo Pons;0,00;138.146,76;138.146,76;0,00
769;02.01.002.003.001018985;;Hewitson Pty Ltd;0,00;65.726,17;65.726,17;0,00
769;02.01.002.003.000011536;;Iliada;0,00;141.498,65;141.498,65;0,00
769;02.01.002.003.000427569;;Latinfina S.a;98.143,69;98.143,69;0,00;0,00
769;02.01.002.003.000250639;;Loyaltycom Serviços De Marketing E Distribuição Ltda;0,00;41.012,29;41.012,29;0,00
769;02.01.002.003.000564125;;Millan Sa;354.851,11;0,00;0,00;354.851,11
769;02.01.002.003.000004084;;Mutlu;0,00;214.607,40;214.607,40;0,00
769;02.01.002.003.000004194;;Overhex Wines;0,00;101.786,69;101.786,69;0,00
769;02.01.002.003.000127301;;Pt Mayora Indah Tbk;0,00;213.273,96;213.273,96;0,00
769;02.01.002.003.000004159;;Ramirez & Ca. (filhos) S.a.;0,00;391.668,99;391.668,99;0,00
769;02.01.002.003.000004136;;Saint Michel Biscuits;0,00;85.136,43;85.136,43;0,00
769;02.01.002.003.000004139;;Sol Minerales Y Servicios S.a.;0,00;0,00;63.838,80;63.838,80
769;02.01.002.003.000004174;;Sottano;0,00;283.192,98;283.192,98;0,00
769;02.01.002.003.000004151;;Tartufi Jimmy S.r.l.;0,00;105.313,92;105.313,92;0,00
769;02.01.002.003.000049225;;Typhoo Tea Limited;0,00;60.159,88;60.159,88;0,00
769;02.01.002.003.000576130;;Uvas Del Valle S.a;0,00;0,00;53.339,81;53.339,81
769;02.01.002.003.000004225;;Viña Luis Felipe Edwards Limitada;886.091,48;343.262,40;0,00;542.829,08
769;02.01.002.003.000003976;;Vina Luis Felipe Edwards Ltda.;493.658,50;0,00;1.989.735,49;2.483.393,99
769;02.01.002.003.000011532;;Vina San Esteban S.a.;62.013,60;62.013,60;0,00;0,00
769;02.01.002.003.000004155;;Viña Vik Spa;0,00;230.115,60;230.115,60;0,00
769;02.01.002.003.000004221;;Vinicolas De Los Andes Spa;0,00;66.704,50;66.704,50;0,00
769;02.01.002.003.000004150;;Vinos Santa Ema S.a;0,00;0,00;188.975,91;188.975,91
769;02.01.002.003.000004160;;Vitivinicola Perez Cruz Ltda.;164.117,64;164.117,64;143.488,23;143.488,23
182;02.01.003;T;OBRIGAÇÕES TRIBUTÁRIAS;5.320.275,40;6.335.002,71;6.392.097,03;5.377.369,72
183;02.01.003.001;T;IMPOSTOS RETIDOS A RECOLHER;29.049,42;18.673,38;23.127,72;33.503,76
617;02.01.003.001.006;;CSRF Retido a Recolher;5.437,72;5.437,72;6.375,00;6.375,00
2707;02.01.003.001.007;;INSS Retido a Recolher;767,06;767,06;255,86;255,86
184;02.01.003.001.001;;IRRF Pessoa Física a Recolher;20.700,44;10.324,40;14.385,28;24.761,32
185;02.01.003.001.002;;IRRF Pessoa Jurídica a Recolher;1.711,04;1.711,04;2.033,87;2.033,87
186;02.01.003.001.003;;ISS Retido a Recolher;433,16;433,16;77,71;77,71
189;02.01.003.002;T;IMPOSTOS E CONTRIBUIÇÕES SOBRE O LUCRO;3.122.122,18;0,00;37.794,80;3.159.916,98
193;02.01.003.002.005;;CSLL S/ Estimativa a Recolher;852.401,99;0,00;5.038,61;857.440,60
616;02.01.003.002.006;;IRPJ S/ Estimativa a Recolher;2.269.720,19;0,00;32.756,19;2.302.476,38
194;02.01.003.003;T;IMPOSTOS E CONTRIBUIÇÕES S/RECEITAS;2.169.103,80;6.316.329,33;6.331.174,51;2.183.948,98
196;02.01.003.003.002;;COFINS a Recolher;88.687,59;1.229.721,82;1.570.523,90;429.489,67
199;02.01.003.003.005;;Fundos a Recolher;99.028,98;99.030,91;84.901,63;84.899,70
195;02.01.003.003.001;;ICMS a Recolher;0,00;1.546.502,30;1.546.502,30;0,00
191;02.01.003.003.010;;ICMS Crédito Presumido a Recolher;247.821,74;918.303,25;882.773,87;212.292,36
203;02.01.003.003.009;;ICMS ST a Recolher;1.524.124,79;1.616.331,85;1.181.398,05;1.089.190,99
198;02.01.003.003.004;;IPI a Recolher;191.394,32;640.165,36;724.244,90;275.473,86
197;02.01.003.003.003;;PIS a Recolher;18.046,38;266.273,84;340.829,86;92.602,40
151;02.01.004;T;EMPRÉSTIMOS E FINANCIAMENTOS;43.921.472,06;2.302.433,22;137.794,63;41.756.833,47
152;02.01.004.001;T;EMPRÉSTIMOS E FINANCIAMENTOS BANCÁRIOS;47.076.602,90;2.302.433,22;0,00;44.774.169,68
155;02.01.004.001.003;C;Empréstimos Bradesco S/A;19.391.182,58;332.918,46;0,00;19.058.264,12
1714;02.01.004.001.003.001;;Empréstimos Bradesco S/A;852.083,50;85.208,35;0,00;766.875,15
1715;02.01.004.001.003.002;;Empréstimos Bradesco S/A - I;6.440.462,98;247.710,11;0,00;6.192.752,87
1716;02.01.004.001.003.003;;Empréstimos Bradesco S/A - II;5.261.782,50;0,00;0,00;5.261.782,50
1717;02.01.004.001.003.004;;Empréstimos Bradesco S/A - III;6.836.853,60;0,00;0,00;6.836.853,60
896;02.01.004.001.005;C;Empréstimos Unicred S/A;632.723,59;0,00;0,00;632.723,59
1726;02.01.004.001.005.001;;Empréstimos Unicred S/A;632.723,59;0,00;0,00;632.723,59
899;02.01.004.001.008;C;Empréstimos Itaú S/A;13.124.999,98;1.875.000,00;0,00;11.249.999,98
1744;02.01.004.001.008.001;;Empréstimos Itaú S/A;13.124.999,98;1.875.000,00;0,00;11.249.999,98
908;02.01.004.001.017;C;Empréstimos Safra S/A;900.879,25;94.514,76;0,00;806.364,49
1798;02.01.004.001.017.001;;Empréstimos Safra S/A;900.879,25;94.514,76;0,00;806.364,49
2700;02.01.004.001.019;C;Empréstimos SB Crédito Securizadora S/A;13.026.817,50;0,00;0,00;13.026.817,50
3037;02.01.004.001.019.003;;Empréstimos SB Crédito Securizadora S/A - II;13.026.817,50;0,00;0,00;13.026.817,50
800;02.01.004.002;T;(-) JUROS A APROPRIAR S/ EMPRÉSTIMOS;-3.155.130,84;0,00;137.794,63;-3.017.336,21
911;02.01.004.002.003;C;(-) Juros a Apropriar Bradesco S/A;-2.875.879,78;0,00;124.585,13;-2.751.294,65
1822;02.01.004.002.003.001;;(-) Juros a Apropriar Bradesco S/A;-227.083,50;0,00;22.708,35;-204.375,15
1823;02.01.004.002.003.002;;(-) Juros a Apropriar Bradesco S/A - I;-2.648.796,28;0,00;101.876,78;-2.546.919,50
913;02.01.004.002.005;C;(-) Juros a Apropriar Unicred S/A;-133.946,56;0,00;0,00;-133.946,56
1834;02.01.004.002.005.001;;(-) Juros a Apropriar Unicred S/A;-133.946,56;0,00;0,00;-133.946,56
925;02.01.004.002.017;C;(-) Juros a Apropriar Safra S/A;-145.304,50;0,00;13.209,50;-132.095,00
1906;02.01.004.002.017.001;;(-) Juros a Apropriar Safra S/A;-145.304,50;0,00;13.209,50;-132.095,00
204;02.01.009;T;OUTRAS OBRIGAÇÕES;146.508,98;21.891.719,71;21.746.256,94;1.046,21
210;02.01.009.002;T;CONTAS A PAGAR;146.508,98;293.272,81;147.810,04;1.046,21
213;02.01.009.002.003;;Aluguel a Pagar;145.679,80;291.359,60;145.679,80;0,00
207;02.01.009.002.005;;Comunicações a Pagar;0,00;1.058,75;1.058,75;0,00
206;02.01.009.002.004;;Energia Elétrica a Pagar;829,18;854,46;1.071,49;1.046,21
73;02.01.009.003;T;CARTÃO DE CRÉDITO A PAGAR;0,00;31.103,36;31.103,36;0,00
928;02.01.009.003.003;C;Cartão de Crédito Bradesco S/A;0,00;31.103,36;31.103,36;0,00
1930;02.01.009.003.003.001;;Cartão de Crédito Bradesco S/A;0,00;31.103,36;31.103,36;0,00
831;02.01.009.009;T;TRANSITÓRIA RECEBIMENTOS DIVERSOS;0,00;21.567.343,54;21.567.343,54;0,00
832;02.01.009.009.001;;Transitória Recebimentos Diversos;0,00;21.567.343,54;21.567.343,54;0,00
220;02.02;T;NÃO CIRCULANTE;21.143.558,99;0,00;545.695,56;21.689.254,55
221;02.02.001;T;EMPRÉSTIMOS E FINANCIAMENTOS;21.143.558,99;0,00;545.695,56;21.689.254,55
222;02.02.001.001;T;EMPRÉSTIMOS E FINANCIAMENTOS BANCÁRIOS;2.972.521,36;0,00;0,00;2.972.521,36
978;02.02.001.001.003;C;Empréstimos Bradesco S/A;2.972.521,36;0,00;0,00;2.972.521,36
2255;02.02.001.001.003.002;;Empréstimos Bradesco S/A - I;2.972.521,36;0,00;0,00;2.972.521,36
799;02.02.001.002;T;(-) JUROS A APROPRIAR S/ EMPRÉSTIMOS;-1.222.521,36;0,00;0,00;-1.222.521,36
995;02.02.001.002.003;C;(-) Juros a Apropriar Bradesco S/A;-1.222.521,36;0,00;0,00;-1.222.521,36
2363;02.02.001.002.003.002;;(-) Juros a Apropriar Bradesco S/A - I;-1.222.521,36;0,00;0,00;-1.222.521,36
780;02.02.001.003;T;EMPRÉSTIMOS DE TERCEIROS;19.393.558,99;0,00;545.695,56;19.939.254,55
781;02.02.001.003.000131811;;Dom Holding De Participacoes S.a.;19.393.558,99;0,00;545.695,56;19.939.254,55
225;02.03;T;PATRIMÔNIO LÍQUIDO;1.418.098,58;0,00;0,00;1.418.098,58
226;02.03.001;T;CAPITAL SOCIAL;1.045.598,00;0,00;0,00;1.045.598,00
227;02.03.001.001;T;CAPITAL SOCIAL SUBSCRITO;1.045.598,00;0,00;0,00;1.045.598,00
228;02.03.001.001.000131811;;Dom Holding De Participacoes S.a.;725.598,00;0,00;0,00;725.598,00
228;02.03.001.001.000149713;;Guanxi Negocios Internacionais Ltda;320.000,00;0,00;0,00;320.000,00
230;02.03.004;T;RESERVAS;209.119,60;0,00;0,00;209.119,60
233;02.03.004.002;T;RESERVAS DE LUCROS;209.119,60;0,00;0,00;209.119,60
236;02.03.004.002.003;;Reserva Legal;209.119,60;0,00;0,00;209.119,60
248;02.03.006;T;LUCROS OU PREJUÍZOS ACUMULADOS;163.380,98;0,00;0,00;163.380,98
252;02.03.006.004;T;RESULTADO DO EXERCÍCIO;163.380,98;0,00;0,00;163.380,98
254;02.03.006.004.003;;Ajustes de Exercícios Anteriores;163.380,98;0,00;0,00;163.380,98
259;03;T;RESULTADO DO EXERCÍCIO;12.818.858,41;26.072.529,36;26.882.105,07;13.628.434,12
